ID_Recepcion;ID_Rollo;Fecha_Recepción;Fecha_ISO;Mes;Tipo_de_tela;Color;Modalidad_Venta;Peso_etiqueta;Metros_etiquetas;Metros_taller;Peso_Plegadora;Rendimiento_teorico_proveedor;Rendimiento_Taller;Delta_Rend_mkg;Pct_Delta_Rend;Delta_Metros;Delta_Kg;Estatus;Tipo_Defecto;Frecuencia;Tiene_Defecto;N_Tipos_Defecto;Severidad;Severidad_label;Flag_Idos;Flag_Manchas;Flag_Huecos;Flag_Marcas_Agua;Flag_Sucio;Flag_Empates;Metros_No_Aprov;Metros_Aprov;Obs_N_Posiciones
577;1;13/3/2026;13/3/2026;2026-03;Jabón;Rojo;Por Kg;10.9;0.0;35.68;11.14;3.27;3.2;-0.07;-2.14;;0.24;Aprobado;Idos, Manchas;Frecuente;1;2;4;Crítico;1;1;0;0;0;0;0.0;35.68;4
578;3;13/3/2026;13/3/2026;2026-03;Jabón;Amarillo Neón;Por Kg;24.8;0.0;80.05;26.06;3.23;3.07;-0.16;-4.95;;1.26;Rechazado;Idos, Manchas;Frecuente;1;2;4;Crítico;1;1;0;0;0;0;0.0;80.05;11
579;1;13/3/2026;13/3/2026;2026-03;Jabón;Aguamarine;Por Kg;13.4;0.0;43.45;13.5;3.24;3.22;-0.02;-0.62;;0.1;Aprobado;Idos;Frecuente;1;1;2;Frecuente;1;0;0;0;0;0;0.0;43.45;4
580;1;13/3/2026;13/3/2026;2026-03;Jabón;Lavanda;Por Kg;15.6;0.0;52.41;15.82;3.36;3.31;-0.05;-1.49;;0.22;Aprobado;Idos;Frecuente;1;1;2;Frecuente;1;0;0;0;0;0;0.0;52.41;4
581;3;13/3/2026;13/3/2026;2026-03;Jabón;Verde Militar;Por Kg;31.2;0.0;100.02;31.64;3.21;3.16;-0.05;-1.56;;0.44;Aprobado con Desviación;Idos, Huecos;Frecuente;1;2;4;Crítico;1;0;1;0;0;0;0.0;100.02;14
582;2;13/3/2026;13/3/2026;2026-03;Jabón;Amarillo Neón;Por Kg;29.4;0.0;91.74;28.78;3.12;3.19;0.07;2.24;;-0.62;Aprobado;Idos, Manchas;Frecuente;1;2;4;Crítico;1;1;0;0;0;0;0.0;91.74;5
583;1;13/3/2026;13/3/2026;2026-03;Jabón;Azul Marino;Por Kg;31.1;0.0;102.12;31.38;3.28;3.25;-0.03;-0.91;;0.28;Aprobado;Idos, Manchas, Huecos;Frecuente;1;3;4;Crítico;1;1;1;0;0;0;0.0;102.12;6
584;2;13/3/2026;13/3/2026;2026-03;Jabón;Verde Militar;Por Kg;30.0;0.0;101.88;30.2;3.4;3.37;-0.03;-0.88;;0.2;Aprobado;Idos;Frecuente;1;1;2;Frecuente;1;0;0;0;0;0;0.0;101.88;4
585;1;13/3/2026;13/3/2026;2026-03;Jabón;Azul Rey;Por Kg;29.6;0.0;102.1;29.74;3.45;3.43;-0.02;-0.58;;0.14;Aprobado;Idos, Manchas, Huecos, Marcas de Agua;Frecuente;1;4;4;Crítico;1;1;1;1;0;0;0.0;102.1;2
586;1;13/3/2026;13/3/2026;2026-03;Jabón;Verde Militar;Por Kg;30.5;0.0;99.45;30.64;3.26;3.25;-0.01;-0.31;;0.14;Aprobado;Idos;Puntual;1;1;1;Puntual simple;1;0;0;0;0;0;0.0;99.45;2
587;1;13/3/2026;13/3/2026;2026-03;Jabón;Amarillo Neón;Por Kg;28.7;0.0;104.96;28.0;3.66;3.75;0.09;2.46;;-0.7;Rechazado;Manchas;Frecuente;1;1;2;Frecuente;0;1;0;0;0;0;0.0;104.96;2
588;8;13/3/2026;13/3/2026;2026-03;Jabón;Azul Rey;Por Kg;19.7;0.0;63.79;19.39;3.24;3.29;0.05;1.54;;-0.31;Aprobado con Desviación;Idos;Frecuente;1;1;2;Frecuente;1;0;0;0;0;0;0.0;63.79;10
589;9;13/3/2026;13/3/2026;2026-03;Jabón;Azul Rey;Por Kg;12.0;0.0;39.58;12.16;3.3;3.25;-0.05;-1.52;;0.16;Aprobado;Idos;Puntual;1;1;1;Puntual simple;1;0;0;0;0;0;0.0;39.58;3
590;5;13/3/2026;13/3/2026;2026-03;Jabón;Azul Marino;Por Kg;6.3;0.0;19.99;6.5;3.17;3.08;-0.09;-2.84;;0.2;Aprobado;Idos, Manchas;Puntual;1;2;3;Puntual combinado;1;1;0;0;0;0;0.0;19.99;2
591;6;13/3/2026;13/3/2026;2026-03;Jabón;Azul Rey;Por Kg;19.8;0.0;68.48;19.98;3.46;3.43;-0.03;-0.87;;0.18;Aprobado;Idos, Marcas de Agua;Frecuente;1;2;4;Crítico;1;0;0;1;0;0;0.0;68.48;4
592;4;13/3/2026;13/3/2026;2026-03;Jabón;Azul Rey;Por Kg;21.6;0.0;72.45;21.74;3.35;3.33;-0.02;-0.6;;0.14;Aprobado;Idos, Marcas de Agua;Frecuente;1;2;4;Crítico;1;0;0;1;0;0;0.0;72.45;7
593;7;13/3/2026;13/3/2026;2026-03;Jabón;Azul Rey;Por Kg;19.9;0.0;68.19;20.16;3.43;3.38;-0.05;-1.46;;0.26;Aprobado;Idos, Marcas de Agua;Frecuente;1;2;4;Crítico;1;0;0;1;0;0;0.0;68.19;7
594;5;13/3/2026;13/3/2026;2026-03;Jabón;Azul Rey;Por Kg;21.2;0.0;70.45;21.14;3.32;3.33;0.01;0.3;;-0.06;Aprobado;Idos;Frecuente;1;1;2;Frecuente;1;0;0;0;0;0;0.0;70.45;4
595;4;13/3/2026;13/3/2026;2026-03;Jabón;Azul Marino;Por Kg;12.3;0.0;41.48;12.38;3.37;3.35;-0.02;-0.59;;0.08;Rechazado;Idos;Frecuente;1;1;2;Frecuente;1;0;0;0;0;0;0.0;41.48;2
596;6;13/3/2026;13/3/2026;2026-03;Jabón;Negro;Por Kg;7.7;0.0;24.95;8.04;3.24;3.1;-0.14;-4.32;;0.34;Aprobado;Ninguno;Ninguno;0;0;0;Sin defecto;0;0;0;0;0;0;0.0;24.95;0
597;4;13/3/2026;13/3/2026;2026-03;Jabón;Negro;Por Kg;28.7;0.0;97.29;29.12;3.39;3.34;-0.05;-1.47;;0.42;Aprobado;Idos, Manchas, Marcas de Agua;Frecuente;1;3;4;Crítico;1;1;0;1;0;0;0.0;97.29;3
598;3;13/3/2026;13/3/2026;2026-03;Jabón;Azul Rey;Por Kg;30.0;0.0;99.92;30.2;3.33;3.31;-0.02;-0.6;;0.2;Aprobado;Idos;Frecuente;1;1;2;Frecuente;1;0;0;0;0;0;0.0;99.92;7
599;5;13/3/2026;13/3/2026;2026-03;Jabón;Negro;Por Kg;28.6;0.0;98.57;28.86;3.45;3.42;-0.03;-0.87;;0.26;Aprobado;Idos, Huecos;Frecuente;1;2;4;Crítico;1;0;1;0;0;0;0.0;98.57;3
600;3;13/3/2026;13/3/2026;2026-03;Jabón;Azul Marino;Por Kg;24.8;0.0;80.3;25.02;3.24;3.21;-0.03;-0.93;;0.22;Aprobado;Idos, Marcas de Agua;Frecuente;1;2;4;Crítico;1;0;0;1;0;0;0.0;80.3;5
601;3;13/3/2026;13/3/2026;2026-03;Jabón;Negro;Por Kg;28.5;0.0;96.04;29.2;3.37;3.29;-0.08;-2.37;;0.7;Aprobado con Desviación;Idos, Manchas, Marcas de Agua;Frecuente;1;3;4;Crítico;1;1;0;1;0;0;0.0;96.04;15
602;1;13/3/2026;13/3/2026;2026-03;Jabón;Negro;Por Kg;31.6;0.0;97.01;31.08;3.07;3.12;0.05;1.63;;-0.52;Aprobado;Marcas de Agua;Puntual;1;1;1;Puntual simple;0;0;0;1;0;0;0.0;97.01;0
603;2;13/3/2026;13/3/2026;2026-03;Jabón;Negro;Por Kg;29.8;0.0;96.71;29.9;3.25;3.23;-0.02;-0.62;;0.1;Aprobado con Desviación;Idos, Huecos;Frecuente;1;2;4;Crítico;1;0;1;0;0;0;0.0;96.71;2
604;2;13/3/2026;13/3/2026;2026-03;Jabón;Azul Marino;Por Kg;32.9;0.0;107.72;33.2;3.27;3.24;-0.03;-0.92;;0.3;Aprobado;Idos, Marcas de Agua;Frecuente;1;2;4;Crítico;1;0;0;1;0;0;0.0;107.72;7
605;2;13/3/2026;13/3/2026;2026-03;Jabón;Azul Rey;Por Kg;29.7;0.0;100.12;29.92;3.37;3.35;-0.02;-0.59;;0.22;Aprobado;Idos, Marcas de Agua;Frecuente;1;2;4;Crítico;1;0;0;1;0;0;0.0;100.12;4
606;19;13/3/2026;13/3/2026;2026-03;Jabón;Blanco;Por Kg;7.3;0.0;27.24;7.6;3.73;3.58;-0.15;-4.02;;0.3;Aprobado con Desviación;Ninguno;Ninguno;0;0;0;Sin defecto;0;0;0;0;0;0;0.0;27.24;0
607;30;13/3/2026;13/3/2026;2026-03;Jabón;Blanco;Por Kg;6.6;0.0;23.28;6.6;3.53;3.53;0.0;0.0;;0.0;Aprobado;Marcas de Agua;Puntual;1;1;1;Puntual simple;0;0;0;1;0;0;0.0;23.28;0
608;18;13/3/2026;13/3/2026;2026-03;Jabón;Blanco;Por Kg;10.9;0.0;34.47;10.88;3.16;3.17;0.01;0.32;;-0.02;Rechazado;Ninguno;Ninguno;0;0;0;Sin defecto;0;0;0;0;0;0;0.0;34.47;0
609;26;13/3/2026;13/3/2026;2026-03;Jabón;Blanco;Por Kg;8.7;0.0;31.94;8.7;3.67;3.67;0.0;0.0;;0.0;Aprobado con Desviación;Idos;Puntual;1;1;1;Puntual simple;1;0;0;0;0;0;0.0;31.94;1
610;28;13/3/2026;13/3/2026;2026-03;Jabón;Blanco;Por Kg;7.9;0.0;27.03;8.3;3.42;3.26;-0.16;-4.68;;0.4;Aprobado;Idos, Manchas;Puntual;1;2;3;Puntual combinado;1;1;0;0;0;0;0.0;27.03;3
611;29;13/3/2026;13/3/2026;2026-03;Jabón;Blanco;Por Kg;6.9;0.0;22.2;7.22;3.22;3.07;-0.15;-4.66;;0.32;Aprobado;Idos, Manchas;Frecuente;1;2;4;Crítico;1;1;0;0;0;0;0.0;22.2;2
612;9;13/3/2026;13/3/2026;2026-03;Jabón;Blanco;Por Kg;29.9;0.0;99.55;30.42;3.33;3.27;-0.06;-1.8;;0.52;Aprobado con Desviación;Idos, Manchas, Sucio;Frecuente;1;3;4;Crítico;1;1;0;0;1;0;0.0;99.55;8
613;10;13/3/2026;13/3/2026;2026-03;Jabón;Blanco;Por Kg;30.9;0.0;99.79;30.58;3.23;3.26;0.03;0.93;;-0.32;Aprobado con Desviación;Manchas, Sucio;Frecuente;1;2;4;Crítico;0;1;0;0;1;0;0.0;99.79;3
614;3;13/3/2026;13/3/2026;2026-03;Jabón;Blanco;Por Kg;30.9;0.0;100.63;31.45;3.26;3.2;-0.06;-1.84;;0.55;Aprobado con Desviación;Idos, Manchas, Sucio;Frecuente;1;3;4;Crítico;1;1;0;0;1;0;0.0;100.63;7
615;11;13/3/2026;13/3/2026;2026-03;Jabón;Blanco;Por Kg;30.4;0.0;99.45;30.4;3.27;3.27;0.0;0.0;;0.0;Aprobado con Desviación;Idos, Manchas, Huecos;Frecuente;1;3;4;Crítico;1;1;1;0;0;0;0.0;99.45;4
616;7;13/3/2026;13/3/2026;2026-03;Jabón;Blanco;Por Kg;30.9;0.0;99.57;31.26;3.22;3.19;-0.03;-0.93;;0.36;Aprobado con Desviación;Idos, Manchas;Frecuente;1;2;4;Crítico;1;1;0;0;0;0;0.0;99.57;11
617;14;13/3/2026;13/3/2026;2026-03;Jabón;Blanco;Por Kg;21.6;0.0;76.83;21.98;3.56;3.5;-0.06;-1.69;;0.38;Aprobado con Desviación;Idos, Manchas, Sucio;Frecuente;1;3;4;Crítico;1;1;0;0;1;0;0.0;76.83;5
618;5;13/3/2026;13/3/2026;2026-03;Jabón;Blanco;Por Kg;27.8;0.0;89.71;27.72;3.23;3.24;0.01;0.31;;-0.08;Aprobado con Desviación;Idos, Sucio;Puntual;1;2;3;Puntual combinado;1;0;0;0;1;0;0.0;89.71;2
619;2;13/3/2026;13/3/2026;2026-03;Jabón;Blanco;Por Kg;30.9;0.0;98.78;30.82;3.2;3.21;0.01;0.31;;-0.08;Aprobado con Desviación;Idos, Manchas;Frecuente;1;2;4;Crítico;1;1;0;0;0;0;0.0;98.78;9
620;6;13/3/2026;13/3/2026;2026-03;Jabón;Blanco;Por Kg;30.9;0.0;100.35;31.16;3.25;3.22;-0.03;-0.92;;0.26;Aprobado con Desviación;Idos, Manchas;Frecuente;1;2;4;Crítico;1;1;0;0;0;0;0.0;100.35;5
621;13;13/3/2026;13/3/2026;2026-03;Jabón;Blanco;Por Kg;19.8;0.0;72.86;20.1;3.68;3.62;-0.06;-1.63;;0.3;Aprobado con Desviación;Manchas;Puntual;1;1;1;Puntual simple;0;1;0;0;0;0;0.0;72.86;1
622;20;13/3/2026;13/3/2026;2026-03;Jabón;Blanco;Por Kg;14.0;0.0;49.32;15.32;3.52;3.22;-0.3;-8.52;;1.32;Aprobado con Desviación;Idos, Manchas;Frecuente;1;2;4;Crítico;1;1;0;0;0;0;0.0;49.32;4
623;12;13/3/2026;13/3/2026;2026-03;Jabón;Blanco;Por Kg;31.4;0.0;100.18;31.76;3.19;3.15;-0.04;-1.25;;0.36;Aprobado con Desviación;Idos, Manchas, Sucio;Frecuente;1;3;4;Crítico;1;1;0;0;1;0;0.0;100.18;19
624;16;13/3/2026;13/3/2026;2026-03;Jabón;Blanco;Por Kg;19.4;0.0;69.86;19.66;3.6;3.55;-0.05;-1.39;;0.26;Aprobado con Desviación;Idos, Manchas;Frecuente;1;2;4;Crítico;1;1;0;0;0;0;0.0;69.86;3
625;15;13/3/2026;13/3/2026;2026-03;Jabón;Blanco;Por Kg;24.8;0.0;92.26;25.18;3.72;3.66;-0.06;-1.61;;0.38;Aprobado con Desviación;Manchas;Frecuente;1;1;2;Frecuente;0;1;0;0;0;0;0.0;92.26;3
626;17;13/3/2026;13/3/2026;2026-03;Jabón;Blanco;Por Kg;19.3;0.0;66.12;19.6;3.43;3.37;-0.06;-1.75;;0.3;Aprobado con Desviación;Idos, Manchas;Frecuente;1;2;4;Crítico;1;1;0;0;0;0;0.0;66.12;6
627;8;13/3/2026;13/3/2026;2026-03;Jabón;Blanco;Por Kg;32.48;0.0;114.37;32.8;3.52;3.49;-0.03;-0.85;;0.32;Aprobado con Desviación;Idos, Manchas, Huecos;Frecuente;1;3;4;Crítico;1;1;1;0;0;0;0.0;114.37;20
628;1;13/3/2026;13/3/2026;2026-03;Jabón;Blanco;Por Kg;32.8;0.0;116.02;32.62;3.54;3.56;0.02;0.56;;-0.18;Aprobado con Desviación;Manchas, Sucio;Frecuente;1;2;4;Crítico;0;1;0;0;1;0;0.0;116.02;4
629;4;13/3/2026;13/3/2026;2026-03;Jabón;Blanco;Por Kg;30.9;0.0;101.2;31.22;3.28;3.24;-0.04;-1.22;;0.32;Aprobado con Desviación;Idos, Manchas;Frecuente;1;2;4;Crítico;1;1;0;0;0;0;0.0;101.2;7
630;27;13/3/2026;13/3/2026;2026-03;Jabón;Blanco;Por Kg;9.4;0.0;33.6;9.44;3.57;3.56;-0.01;-0.28;;0.04;Aprobado con Desviación;Idos;Frecuente;1;1;2;Frecuente;1;0;0;0;0;0;0.0;33.6;5
631;28;13/3/2026;13/3/2026;2026-03;Jabón;Blanco;Por Kg;11.9;0.0;38.98;12.2;3.28;3.2;-0.08;-2.44;;0.3;Aprobado con Desviación;Idos;Frecuente;1;1;2;Frecuente;1;0;0;0;0;0;0.0;38.98;11
632;25;13/3/2026;13/3/2026;2026-03;Jabón;Blanco;Por Kg;13.14;0.0;44.14;13.7;3.36;3.22;-0.14;-4.17;;0.56;Aprobado con Desviación;Idos, Manchas;Frecuente;1;2;4;Crítico;1;1;0;0;0;0;0.0;44.14;5
633;22;13/3/2026;13/3/2026;2026-03;Jabón;Blanco;Por Kg;13.9;0.0;48.19;14.1;3.47;3.42;-0.05;-1.44;;0.2;Aprobado con Desviación;Idos, Manchas;Frecuente;1;2;4;Crítico;1;1;0;0;0;0;0.0;48.19;7
634;21;13/3/2026;13/3/2026;2026-03;Jabón;Blanco;Por Kg;16.9;0.0;60.52;16.7;3.58;3.62;0.04;1.12;;-0.2;Aprobado con Desviación;Idos, Manchas;Frecuente;1;2;4;Crítico;1;1;0;0;0;0;0.0;60.52;3
635;23;13/3/2026;13/3/2026;2026-03;Jabón;Blanco;Por Kg;10.8;0.0;39.41;10.8;3.65;3.65;0.0;0.0;;0.0;Aprobado con Desviación;Idos, Manchas;Frecuente;1;2;4;Crítico;1;1;0;0;0;0;0.0;39.41;7
636;11;23/3/2026;23/3/2026;2026-03;Jabón;Lila;Por Kg;18.6;0.0;55.68;16.38;2.99;3.4;0.41;13.71;;-2.22;Aprobado con Desviación;Idos, Manchas;Frecuente;1;2;4;Crítico;1;1;0;0;0;0;0.0;55.68;8
637;12;23/3/2026;23/3/2026;2026-03;Jabón;Lila;Por Kg;16.3;0.0;55.43;16.46;3.4;3.37;-0.03;-0.88;;0.16;Aprobado;Idos;Puntual;1;1;1;Puntual simple;1;0;0;0;0;0;0.0;55.43;2
638;10;23/3/2026;23/3/2026;2026-03;Jabón;Lila;Por Kg;19.6;0.0;64.99;19.46;3.32;3.34;0.02;0.6;;-0.14;Aprobado;Idos, Manchas;Frecuente;1;2;4;Crítico;1;1;0;0;0;0;0.0;64.99;7
639;9;23/3/2026;23/3/2026;2026-03;Jabón;Lila;Por Kg;27.3;0.0;90.39;27.08;3.31;3.34;0.03;0.91;;-0.22;Rechazado;Idos, Huecos;Frecuente;1;2;4;Crítico;1;0;1;0;0;0;0.0;90.39;11
640;8;23/3/2026;23/3/2026;2026-03;Jabón;Lila;Por Kg;28.3;0.0;96.38;28.22;3.41;3.42;0.01;0.29;;-0.08;Aprobado con Desviación;Idos, Huecos;Frecuente;1;2;4;Crítico;1;0;1;0;0;0;0.0;96.38;14
641;7;23/3/2026;23/3/2026;2026-03;Jabón;Lila;Por Kg;28.0;0.0;91.95;27.88;3.28;3.3;0.02;0.61;;-0.12;Rechazado;Idos, Huecos;Frecuente;1;2;4;Crítico;1;0;1;0;0;0;0.0;91.95;5
642;5;23/3/2026;23/3/2026;2026-03;Jabón;Lila;Por Kg;27.5;0.0;92.7;27.8;3.37;3.33;-0.04;-1.19;;0.3;Aprobado;Idos;Frecuente;1;1;2;Frecuente;1;0;0;0;0;0;0.0;92.7;4
643;3;23/3/2026;23/3/2026;2026-03;Jabón;Lila;Por Kg;29.0;0.0;93.37;29.12;3.22;3.21;-0.01;-0.31;;0.12;Aprobado;Idos, Manchas;Frecuente;1;2;4;Crítico;1;1;0;0;0;0;0.0;93.37;4
644;4;23/3/2026;23/3/2026;2026-03;Jabón;Lila;Por Kg;28.2;0.0;90.18;27.68;3.2;3.26;0.06;1.88;;-0.52;Aprobado;Idos, Manchas, Huecos;Frecuente;1;3;4;Crítico;1;1;1;0;0;0;0.0;90.18;7
645;6;23/3/2026;23/3/2026;2026-03;Jabón;Lila;Por Kg;27.2;0.0;90.98;27.48;3.34;3.31;-0.03;-0.9;;0.28;Aprobado;Idos, Manchas;Frecuente;1;2;4;Crítico;1;1;0;0;0;0;0.0;90.98;11
646;2;23/3/2026;23/3/2026;2026-03;Jabón;Lila;Por Kg;29.8;0.0;102.99;30.14;3.46;3.42;-0.04;-1.16;;0.34;Aprobado;Idos;Frecuente;1;1;2;Frecuente;1;0;0;0;0;0;0.0;102.99;3
647;1;23/3/2026;23/3/2026;2026-03;Jabón;Lila;Por Kg;30.3;0.0;94.73;30.14;3.13;3.14;0.01;0.32;;-0.16;Aprobado;Idos, Manchas;Puntual;1;2;3;Puntual combinado;1;1;0;0;0;0;0.0;94.73;2
648;1;13/4/2026;13/4/2026;2026-04;Jabón;Negro;Por Kg;9.9;0.0;35.98;10.56;3.63;3.41;-0.22;-6.06;;0.66;Aprobado;Idos;Puntual;1;1;1;Puntual simple;1;0;0;0;0;0;0.0;35.98;2
649;2;13/4/2026;13/4/2026;2026-04;Jabón;Negro;Por Kg;10.6;0.0;34.09;10.48;3.22;3.25;0.03;0.93;;-0.12;Aprobado con Desviación;Idos;Puntual;1;1;1;Puntual simple;1;0;0;0;0;0;0.0;34.09;0
650;2;13/4/2026;13/4/2026;2026-04;Jabón;Rosado Pastel;Por Kg;13.5;0.0;46.86;13.52;3.47;3.47;0.0;0.0;;0.02;Rechazado;Idos;Puntual;1;1;1;Puntual simple;1;0;0;0;0;0;0.0;46.86;3
651;5;13/4/2026;13/4/2026;2026-04;Jabón;Rojo;Por Kg;17.0;0.0;54.87;17.2;3.23;3.19;-0.04;-1.24;;0.2;Aprobado;Idos;Frecuente;1;1;2;Frecuente;1;0;0;0;0;0;0.0;54.87;5
652;4;13/4/2026;13/4/2026;2026-04;Jabón;Negro;Por Kg;11.2;0.0;40.84;12.4;3.65;3.29;-0.36;-9.86;;1.2;Aprobado;Idos, Marcas de Agua;Puntual;1;2;3;Puntual combinado;1;0;0;1;0;0;0.0;40.84;1
653;1;13/4/2026;13/4/2026;2026-04;Jabón;Lavanda;Por Kg;7.8;0.0;25.6;8.06;3.28;3.18;-0.1;-3.05;;0.26;Aprobado;Ninguno;Ninguno;0;0;0;Sin defecto;0;0;0;0;0;0;0.0;25.6;0
654;1;13/4/2026;13/4/2026;2026-04;Jabón;Vinotinto;Por Kg;6.7;0.0;21.98;6.82;3.28;3.22;-0.06;-1.83;;0.12;Aprobado;Idos;Puntual;1;1;1;Puntual simple;1;0;0;0;0;0;0.0;21.98;1
655;1;13/4/2026;13/4/2026;2026-04;Jabón;Verde Militar;Por Kg;29.9;0.0;97.78;31.1;3.27;3.14;-0.13;-3.98;;1.2;Aprobado con Desviación;Idos, Huecos;Frecuente;1;2;4;Crítico;1;0;1;0;0;0;0.0;97.78;13
656;5;13/4/2026;13/4/2026;2026-04;Jabón;Negro;Por Kg;9.3;0.0;31.65;9.82;3.4;3.22;-0.18;-5.29;;0.52;Aprobado;Ninguno;Ninguno;0;0;0;Sin defecto;0;0;0;0;0;0;0.0;31.65;2
657;5;13/4/2026;13/4/2026;2026-04;Jabón;Amarillo Neón;Por Kg;29.2;0.0;95.53;29.46;3.27;3.24;-0.03;-0.92;;0.26;Aprobado;Idos, Manchas;Frecuente;1;2;4;Crítico;1;1;0;0;0;0;0.0;95.53;3
658;2;13/4/2026;13/4/2026;2026-04;Jabón;Rojo;Por Kg;10.3;0.0;33.6;10.58;3.26;3.18;-0.08;-2.45;;0.28;Aprobado;Idos, Marcas de Agua;Puntual;1;2;3;Puntual combinado;1;0;0;1;0;0;0.0;33.6;1
659;1;13/4/2026;13/4/2026;2026-04;Jabón;Rojo;Por Kg;7.3;0.0;25.14;7.98;3.44;3.15;-0.29;-8.43;;0.68;Aprobado;Idos;Puntual;1;1;1;Puntual simple;1;0;0;0;0;0;0.0;25.14;1
660;1;13/4/2026;13/4/2026;2026-04;Jabón;Azul Rey;Por Kg;9.2;0.0;30.87;9.5;3.36;3.25;-0.11;-3.27;;0.3;Aprobado;Idos;Puntual;1;1;1;Puntual simple;1;0;0;0;0;0;0.0;30.87;1
661;3;13/4/2026;13/4/2026;2026-04;Jabón;Negro;Por Kg;9.3;0.0;27.63;8.88;2.97;3.11;0.14;4.71;;-0.42;Aprobado;Idos;Puntual;1;1;1;Puntual simple;1;0;0;0;0;0;0.0;27.63;2
662;6;13/4/2026;13/4/2026;2026-04;Jabón;Lavanda;Por Kg;20.45;0.0;67.16;20.38;3.28;3.3;0.02;0.61;;-0.07;Aprobado con Desviación;Idos, Manchas;Frecuente;1;2;4;Crítico;1;1;0;0;0;0;0.0;67.16;7
663;11;13/4/2026;13/4/2026;2026-04;Jabón;Negro;Por Kg;17.2;0.0;58.9;18.2;3.42;3.24;-0.18;-5.26;;1.0;Aprobado;Idos;Frecuente;1;1;2;Frecuente;1;0;0;0;0;0;0.0;58.9;4
664;5;13/4/2026;13/4/2026;2026-04;Jabón;Lavanda;Por Kg;17.2;0.0;58.62;17.48;3.41;3.35;-0.06;-1.76;;0.28;Aprobado;Ninguno;Ninguno;0;0;0;Sin defecto;0;0;0;0;0;0;0.0;58.62;2
665;1;13/4/2026;13/4/2026;2026-04;Jabón;Azul Marino;Por Kg;30.5;0.0;99.48;30.74;3.26;3.24;-0.02;-0.61;;0.24;Aprobado;Idos;Frecuente;1;1;2;Frecuente;1;0;0;0;0;0;0.0;99.48;4
666;2;13/4/2026;13/4/2026;2026-04;Jabón;Azul Rey;Por Kg;17.0;0.0;57.58;17.2;3.39;3.35;-0.04;-1.18;;0.2;Aprobado;Idos;Frecuente;1;1;2;Frecuente;1;0;0;0;0;0;0.0;57.58;5
667;3;13/4/2026;13/4/2026;2026-04;Jabón;Rojo;Por Kg;23.4;0.0;77.61;24.14;3.32;3.21;-0.11;-3.31;;0.74;Aprobado;Idos;Frecuente;1;1;2;Frecuente;1;0;0;0;0;0;0.0;77.61;3
668;3;13/4/2026;13/4/2026;2026-04;Jabón;Aguamarine;Por Kg;14.5;0.0;44.45;14.6;3.07;3.04;-0.03;-0.98;;0.1;Aprobado;Idos;Frecuente;1;1;2;Frecuente;1;0;0;0;0;0;0.0;44.45;5
669;12;13/4/2026;13/4/2026;2026-04;Jabón;Vinotinto;Por Kg;29.7;0.0;95.53;29.82;3.22;3.2;-0.02;-0.62;;0.12;Aprobado;Idos, Marcas de Agua;Frecuente;1;2;4;Crítico;1;0;0;1;0;0;0.0;95.53;4
670;4;13/4/2026;13/4/2026;2026-04;Jabón;Lavanda;Por Kg;16.4;0.0;55.7;16.72;3.4;3.33;-0.07;-2.06;;0.32;Aprobado;Idos;Frecuente;1;1;2;Frecuente;1;0;0;0;0;0;0.0;55.7;7
671;4;13/4/2026;13/4/2026;2026-04;Jabón;Rojo;Por Kg;13.7;0.0;42.19;14.0;3.08;3.01;-0.07;-2.27;;0.3;Aprobado;Idos, Manchas;Frecuente;1;2;4;Crítico;1;1;0;0;0;0;0.0;42.19;5
672;3;13/4/2026;13/4/2026;2026-04;Jabón;Azul Rey;Por Kg;14.49;0.0;48.33;14.7;3.34;3.29;-0.05;-1.5;;0.21;Aprobado;Idos, Marcas de Agua;Frecuente;1;2;4;Crítico;1;0;0;1;0;0;0.0;48.33;3
673;2;13/4/2026;13/4/2026;2026-04;Jabón;Aguamarine;Por Kg;11.6;0.0;38.66;11.96;3.33;3.23;-0.1;-3.0;;0.36;Aprobado;Idos;Puntual;1;1;1;Puntual simple;1;0;0;0;0;0;0.0;38.66;2
674;4;13/4/2026;13/4/2026;2026-04;Jabón;Azul Rey;Por Kg;13.1;0.0;44.45;13.32;3.39;3.34;-0.05;-1.47;;0.22;Aprobado;Idos, Marcas de Agua;Frecuente;1;2;4;Crítico;1;0;0;1;0;0;0.0;44.45;3
675;3;13/4/2026;13/4/2026;2026-04;Jabón;Lavanda;Por Kg;13.6;0.0;45.83;13.62;3.37;3.36;-0.01;-0.3;;0.02;Aprobado;Idos;Frecuente;1;1;2;Frecuente;1;0;0;0;0;0;0.0;45.83;4
676;4;13/4/2026;13/4/2026;2026-04;Jabón;Amarillo Neón;Por Kg;22.5;0.0;77.93;22.62;3.46;3.45;-0.01;-0.29;;0.12;Aprobado;Idos, Manchas;Frecuente;1;2;4;Crítico;1;1;0;0;0;0;0.0;77.93;7
677;9;13/4/2026;13/4/2026;2026-04;Jabón;Negro;Por Kg;28.0;0.0;94.55;28.46;3.38;3.32;-0.06;-1.78;;0.46;Aprobado;Idos;Puntual;1;1;1;Puntual simple;1;0;0;0;0;0;0.0;94.55;1
678;2;13/4/2026;13/4/2026;2026-04;Jabón;Vinotinto;Por Kg;9.0;0.0;30.8;9.64;3.42;3.2;-0.22;-6.43;;0.64;Aprobado;Marcas de Agua;Puntual;1;1;1;Puntual simple;0;0;0;1;0;0;0.0;30.8;0
679;7;13/4/2026;13/4/2026;2026-04;Jabón;Azul Marino;Por Kg;13.3;0.0;41.75;13.54;3.14;3.08;-0.06;-1.91;;0.24;Aprobado;Idos;Puntual;1;1;1;Puntual simple;1;0;0;0;0;0;0.0;41.75;2
680;2;13/4/2026;13/4/2026;2026-04;Jabón;Verde Militar;Por Kg;31.4;0.0;100.71;31.6;3.21;3.19;-0.02;-0.62;;0.2;Aprobado;Idos;Puntual;1;1;1;Puntual simple;1;0;0;0;0;0;0.0;100.71;1
681;3;13/4/2026;13/4/2026;2026-04;Jabón;Rosado Pastel;Por Kg;23.0;0.0;78.77;23.2;3.42;3.4;-0.02;-0.58;;0.2;Aprobado con Desviación;Idos;Frecuente;1;1;2;Frecuente;1;0;0;0;0;0;0.0;78.77;8
682;8;13/4/2026;13/4/2026;2026-04;Jabón;Azul Marino;Por Kg;11.8;0.0;38.97;11.78;3.3;3.31;0.01;0.3;;-0.02;Aprobado;Idos;Puntual;1;1;1;Puntual simple;1;0;0;0;0;0;0.0;38.97;2
683;7;13/4/2026;13/4/2026;2026-04;Jabón;Amarillo Neón;Por Kg;29.65;0.0;92.41;29.78;3.12;3.1;-0.02;-0.64;;0.13;Aprobado con Desviación;Idos;Frecuente;1;1;2;Frecuente;1;0;0;0;0;0;0.0;92.41;7
684;5;13/4/2026;13/4/2026;2026-04;Jabón;Aguamarine;Por Kg;31.0;0.0;99.38;31.46;3.21;3.16;-0.05;-1.56;;0.46;Aprobado;Idos;Frecuente;1;1;2;Frecuente;1;0;0;0;0;0;0.0;99.38;5
685;6;13/4/2026;13/4/2026;2026-04;Jabón;Amarillo Neón;Por Kg;26.7;0.0;87.51;26.96;3.28;3.25;-0.03;-0.91;;0.26;Aprobado;Idos;Puntual;1;1;1;Puntual simple;1;0;0;0;0;0;0.0;87.51;1
686;1;13/4/2026;13/4/2026;2026-04;Jabón;Rosado Pastel;Por Kg;30.6;0.0;103.87;31.1;3.39;3.34;-0.05;-1.47;;0.5;Aprobado;Idos;Frecuente;1;1;2;Frecuente;1;0;0;0;0;0;0.0;103.87;6
687;4;13/4/2026;13/4/2026;2026-04;Jabón;Aguamarine;Por Kg;31.0;0.0;101.97;32.18;3.29;3.17;-0.12;-3.65;;1.18;Aprobado con Desviación;Idos;Frecuente;1;1;2;Frecuente;1;0;0;0;0;0;0.0;101.97;10
688;8;13/4/2026;13/4/2026;2026-04;Jabón;Amarillo Neón;Por Kg;26.9;0.0;89.05;27.06;3.31;3.29;-0.02;-0.6;;0.16;Aprobado;Idos;Puntual;1;1;1;Puntual simple;1;0;0;0;0;0;0.0;89.05;3
689;7;13/4/2026;13/4/2026;2026-04;Jabón;Vinotinto;Por Kg;29.4;0.0;97.08;29.74;3.3;3.26;-0.04;-1.21;;0.34;Aprobado;Idos;Frecuente;1;1;2;Frecuente;1;0;0;0;0;0;0.0;97.08;5
690;7;13/4/2026;13/4/2026;2026-04;Jabón;Aguamarine;Por Kg;21.2;0.0;70.49;21.72;3.33;3.25;-0.08;-2.4;;0.52;Aprobado;Idos;Frecuente;1;1;2;Frecuente;1;0;0;0;0;0;0.0;70.49;4
691;8;13/4/2026;13/4/2026;2026-04;Jabón;Vinotinto;Por Kg;26.4;0.0;86.31;26.82;3.27;3.22;-0.05;-1.53;;0.42;Aprobado;Idos;Puntual;1;1;1;Puntual simple;1;0;0;0;0;0;0.0;86.31;2
692;5;13/4/2026;13/4/2026;2026-04;Jabón;Azul Rey;Por Kg;24.0;0.0;81.43;24.16;3.39;3.37;-0.02;-0.59;;0.16;Aprobado;Idos, Marcas de Agua;Puntual;1;2;3;Puntual combinado;1;0;0;1;0;0;0.0;81.43;2
693;6;13/4/2026;13/4/2026;2026-04;Jabón;Aguamarine;Por Kg;31.2;0.0;102.29;31.72;3.28;3.22;-0.06;-1.83;;0.52;Aprobado;Idos;Puntual;1;1;1;Puntual simple;1;0;0;0;0;0;0.0;102.29;1
694;8;13/4/2026;13/4/2026;2026-04;Jabón;Aguamarine;Por Kg;30.3;0.0;96.68;30.62;3.19;3.16;-0.03;-0.94;;0.32;Aprobado con Desviación;Idos, Marcas de Agua;Frecuente;1;2;4;Crítico;1;0;0;1;0;0;0.0;96.68;12
695;9;13/4/2026;13/4/2026;2026-04;Jabón;Vinotinto;Por Kg;28.9;0.0;99.99;29.26;3.46;3.42;-0.04;-1.16;;0.36;Aprobado;Idos;Frecuente;1;1;2;Frecuente;1;0;0;0;0;0;0.0;99.99;4
696;7;13/4/2026;13/4/2026;2026-04;Jabón;Lavanda;Por Kg;23.8;0.0;80.52;24.0;3.38;3.36;-0.02;-0.59;;0.2;Rechazado;Idos, Marcas de Agua;Frecuente;1;2;4;Crítico;1;0;0;1;0;0;0.0;80.52;3
697;9;13/4/2026;13/4/2026;2026-04;Jabón;Azul Marino;Por Kg;31.1;0.0;101.64;31.16;3.27;3.26;-0.01;-0.31;;0.06;Aprobado;Idos, Huecos, Marcas de Agua;Puntual;1;3;3;Puntual combinado;1;0;1;1;0;0;0.0;101.64;2
698;12;13/4/2026;13/4/2026;2026-04;Jabón;Negro;Por Kg;18.7;0.0;63.67;19.2;3.4;3.32;-0.08;-2.35;;0.5;Aprobado con Desviación;Idos, Huecos;Frecuente;1;2;4;Crítico;1;0;1;0;0;0;0.0;63.67;11
699;10;13/4/2026;13/4/2026;2026-04;Jabón;Vinotinto;Por Kg;31.0;0.0;99.63;31.42;3.21;3.17;-0.04;-1.25;;0.42;Aprobado;Idos, Marcas de Agua;Puntual;1;2;3;Puntual combinado;1;0;0;1;0;0;0.0;99.63;1
700;1;13/4/2026;13/4/2026;2026-04;Jabón;Gris Claro;Por Kg;26.4;0.0;82.68;25.88;3.13;3.19;0.06;1.92;;-0.52;Aprobado con Desviación;Idos, Manchas;Frecuente;1;2;4;Crítico;1;1;0;0;0;0;0.0;82.68;2
701;6;13/4/2026;13/4/2026;2026-04;Jabón;Rojo;Por Kg;29.8;0.0;93.75;30.0;3.15;3.13;-0.02;-0.63;;0.2;Aprobado;Idos;Frecuente;1;1;2;Frecuente;1;0;0;0;0;0;0.0;93.75;5
702;10;13/4/2026;13/4/2026;2026-04;Jabón;Lavanda;Por Kg;29.1;0.0;99.87;29.6;3.43;3.37;-0.06;-1.75;;0.5;Aprobado;Idos;Frecuente;1;1;2;Frecuente;1;0;0;0;0;0;0.0;99.87;3
703;8;13/4/2026;13/4/2026;2026-04;Jabón;Lavanda;Por Kg;28.0;0.0;93.69;28.56;3.35;3.28;-0.07;-2.09;;0.56;Aprobado;Idos;Puntual;1;1;1;Puntual simple;1;0;0;0;0;0;0.0;93.69;2
704;11;13/4/2026;13/4/2026;2026-04;Jabón;Vinotinto;Por Kg;25.8;0.0;81.49;26.2;3.16;3.11;-0.05;-1.58;;0.4;Aprobado;Idos, Marcas de Agua;Puntual;1;2;3;Puntual combinado;1;0;0;1;0;0;0.0;81.49;1
705;10;13/4/2026;13/4/2026;2026-04;Jabón;Azul Marino;Por Kg;21.4;0.0;70.12;21.44;3.28;3.27;-0.01;-0.3;;0.04;Aprobado;Idos;Puntual;1;1;1;Puntual simple;1;0;0;0;0;0;0.0;70.12;2
706;6;13/4/2026;13/4/2026;2026-04;Jabón;Vinotinto;Por Kg;30.0;0.0;100.66;30.36;3.36;3.32;-0.04;-1.19;;0.36;Aprobado;Idos, Huecos;Puntual;1;2;3;Puntual combinado;1;0;1;0;0;0;0.0;100.66;2
707;9;13/4/2026;13/4/2026;2026-04;Jabón;Lavanda;Por Kg;29.0;0.0;97.14;29.22;3.35;3.32;-0.03;-0.9;;0.22;Aprobado;Idos;Frecuente;1;1;2;Frecuente;1;0;0;0;0;0;0.0;97.14;4
708;1;13/4/2026;13/4/2026;2026-04;Jabón;Purpura;Por Kg;21.0;0.0;66.08;20.84;3.15;3.17;0.02;0.63;;-0.16;Aprobado;Idos;Frecuente;1;1;2;Frecuente;1;0;0;0;0;0;0.0;66.08;6
709;11;13/4/2026;13/4/2026;2026-04;Jabón;Lavanda;Por Kg;24.0;0.0;77.32;23.08;3.22;3.35;0.13;4.04;;-0.92;Rechazado;Idos;Frecuente;1;1;2;Frecuente;1;0;0;0;0;0;0.0;77.32;6
710;10;13/4/2026;13/4/2026;2026-04;Jabón;Negro;Por Kg;19.4;0.0;63.76;19.96;3.29;3.19;-0.1;-3.04;;0.56;Aprobado con Desviación;Idos, Huecos;Frecuente;1;2;4;Crítico;1;0;1;0;0;0;0.0;63.76;6
711;1;13/4/2026;13/4/2026;2026-04;Jabón;Aguamarine;Por Kg;30.8;0.0;100.26;31.22;3.26;3.21;-0.05;-1.53;;0.42;Aprobado;Idos;Frecuente;1;1;2;Frecuente;1;0;0;0;0;0;0.0;100.26;5
712;8;13/4/2026;13/4/2026;2026-04;Jabón;Negro;Por Kg;29.5;0.0;99.59;29.62;3.38;3.36;-0.02;-0.59;;0.12;Aprobado;Marcas de Agua;Puntual;1;1;1;Puntual simple;0;0;0;1;0;0;0.0;99.59;0
713;5;13/4/2026;13/4/2026;2026-04;Jabón;Vinotinto;Por Kg;30.1;0.0;100.87;30.38;3.35;3.32;-0.03;-0.9;;0.28;Aprobado;Idos, Marcas de Agua;Puntual;1;2;3;Puntual combinado;1;0;0;1;0;0;0.0;100.87;2
714;4;13/4/2026;13/4/2026;2026-04;Jabón;Azul Marino;Por Kg;30.6;0.0;98.58;30.44;3.22;3.24;0.02;0.62;;-0.16;Aprobado;Idos;Frecuente;1;1;2;Frecuente;1;0;0;0;0;0;0.0;98.58;5
715;5;13/4/2026;13/4/2026;2026-04;Jabón;Azul Marino;Por Kg;31.5;0.0;100.52;31.56;3.19;3.19;0.0;0.0;;0.06;Aprobado;Idos;Puntual;1;1;1;Puntual simple;1;0;0;0;0;0;0.0;100.52;2
716;4;13/4/2026;13/4/2026;2026-04;Jabón;Vinotinto;Por Kg;30.2;0.0;98.19;30.6;3.25;3.21;-0.04;-1.23;;0.4;Aprobado;Ninguno;Ninguno;0;0;0;Sin defecto;0;0;0;0;0;0;0.0;98.19;0
717;3;13/4/2026;13/4/2026;2026-04;Jabón;Amarillo Neón;Por Kg;23.3;0.0;73.02;23.52;3.13;3.1;-0.03;-0.96;;0.22;Aprobado;Idos, Manchas;Frecuente;1;2;4;Crítico;1;1;0;0;0;0;0.0;73.02;5
718;2;13/4/2026;13/4/2026;2026-04;Jabón;Azul Marino;Por Kg;28.1;0.0;93.75;28.36;3.34;3.31;-0.03;-0.9;;0.26;Aprobado;Idos, Marcas de Agua;Puntual;1;2;3;Puntual combinado;1;0;0;1;0;0;0.0;93.75;2
719;3;13/4/2026;13/4/2026;2026-04;Jabón;Azul Marino;Por Kg;28.2;0.0;92.71;28.52;3.29;3.25;-0.04;-1.22;;0.32;Aprobado;Idos;Puntual;1;1;1;Puntual simple;1;0;0;0;0;0;0.0;92.71;0
720;1;13/4/2026;13/4/2026;2026-04;Jabón;Azul Marino;Por Kg;31.3;0.0;105.47;31.58;3.37;3.34;-0.03;-0.89;;0.28;Aprobado;Idos;Frecuente;1;1;2;Frecuente;1;0;0;0;0;0;0.0;105.47;3
721;2;13/4/2026;13/4/2026;2026-04;Jabón;Amarillo Neón;Por Kg;29.0;0.0;92.63;29.12;3.19;3.18;-0.01;-0.31;;0.12;Aprobado;Idos, Manchas;Frecuente;1;2;4;Crítico;1;1;0;0;0;0;0.0;92.63;2
722;7;13/4/2026;13/4/2026;2026-04;Jabón;Negro;Por Kg;30.2;0.0;90.11;30.64;2.98;2.94;-0.04;-1.34;;0.44;Aprobado;Ninguno;Ninguno;0;0;0;Sin defecto;0;0;0;0;0;0;0.0;90.11;0
723;3;13/4/2026;13/4/2026;2026-04;Jabón;Vinotinto;Por Kg;33.0;0.0;114.57;35.18;3.47;3.26;-0.21;-6.05;;2.18;Aprobado con Desviación;Idos;Puntual;1;1;1;Puntual simple;1;0;0;0;0;0;0.0;114.57;0
724;2;13/4/2026;13/4/2026;2026-04;Jabón;Lavanda;Por Kg;28.7;0.0;93.09;29.36;3.24;3.17;-0.07;-2.16;;0.66;Aprobado;Idos;Frecuente;1;1;2;Frecuente;1;0;0;0;0;0;0.0;93.09;6
725;6;13/4/2026;13/4/2026;2026-04;Jabón;Negro;Por Kg;31.6;0.0;100.57;34.96;3.18;2.88;-0.3;-9.43;;3.36;Aprobado;Marcas de Agua;Puntual;1;1;1;Puntual simple;0;0;0;1;0;0;0.0;100.57;0
726;1;13/4/2026;13/4/2026;2026-04;Jabón;Amarillo Neón;Por Kg;27.5;0.0;87.12;27.52;3.17;3.17;0.0;0.0;;0.02;Aprobado;Idos;Frecuente;1;1;2;Frecuente;1;0;0;0;0;0;0.0;87.12;5
727;1;13/4/2026;13/4/2026;2026-04;Jabón;Blanco;Por Kg;26.4;0.0;84.78;26.84;3.21;3.16;-0.05;-1.56;;0.44;Aprobado;Ninguno;Ninguno;0;0;0;Sin defecto;0;0;0;0;0;0;0.0;84.78;0
728;14;13/4/2026;13/4/2026;2026-04;Green Sport;True Blue;Mixta;20.8;53.0;51.6;21.06;2.52;2.45;;;-1.4;0.26;Aprobado;Marcas de Agua;Puntual;1;1;1;Puntual simple;0;0;0;1;0;0;0.0;51.6;0
729;5;13/4/2026;13/4/2026;2026-04;Green Sport;Derejo;Por Kg;15.0;0.0;37.5;15.2;2.5;2.47;-0.03;-1.2;;0.2;Aprobado;Marcas de Agua;Puntual;1;1;1;Puntual simple;0;0;0;1;0;0;0.0;37.5;0
730;13;13/4/2026;13/4/2026;2026-04;Green Sport;True Blue;Mixta;21.6;55.0;55.22;21.96;2.5;2.51;;;0.22;0.36;Aprobado;Marcas de Agua;Puntual;1;1;1;Puntual simple;0;0;0;1;0;0;0.0;55.22;0
731;15;13/4/2026;13/4/2026;2026-04;Green Sport;True Blue;Mixta;21.0;54.0;50.54;21.6;2.5;2.34;;;-3.46;0.6;Aprobado;Ninguno;Ninguno;0;0;0;Sin defecto;0;0;0;0;0;0;0.0;50.54;0
732;12;13/4/2026;13/4/2026;2026-04;Green Sport;True Blue;Mixta;21.2;54.0;53.03;23.2;2.33;2.29;;;-0.97;2.0;Aprobado;Marcas de Agua;Puntual;1;1;1;Puntual simple;0;0;0;1;0;0;0.0;53.03;0
733;8;13/4/2026;13/4/2026;2026-04;Green Sport;True Blue;Mixta;21.3;55.0;51.53;21.5;2.56;2.4;;;-3.47;0.2;Aprobado;Marcas de Agua;Puntual;1;1;1;Puntual simple;0;0;0;1;0;0;0.0;51.53;0
734;11;13/4/2026;13/4/2026;2026-04;Green Sport;True Blue;Mixta;21.0;54.0;50.33;20.64;2.62;2.44;;;-3.67;-0.36;Aprobado;Marcas de Agua;Puntual;1;1;1;Puntual simple;0;0;0;1;0;0;0.0;50.33;0
735;9;13/4/2026;13/4/2026;2026-04;Green Sport;True Blue;Mixta;20.5;52.0;50.29;20.7;2.51;2.43;;;-1.71;0.2;Aprobado;Marcas de Agua;Puntual;1;1;1;Puntual simple;0;0;0;1;0;0;0.0;50.29;0
736;10;13/4/2026;13/4/2026;2026-04;Green Sport;True Blue;Mixta;21.2;54.0;53.1;21.42;2.52;2.48;;;-0.9;0.22;Aprobado;Ninguno;Ninguno;0;0;0;Sin defecto;0;0;0;0;0;0;0.0;53.1;0
737;7;13/4/2026;13/4/2026;2026-04;Green Sport;True Blue;Mixta;21.2;54.0;49.5;21.44;2.52;2.31;;;-4.5;0.24;Aprobado;Marcas de Agua;Puntual;1;1;1;Puntual simple;0;0;0;1;0;0;0.0;49.5;0
738;6;13/4/2026;13/4/2026;2026-04;Green Sport;True Blue;Mixta;21.39;55.0;51.13;29.58;1.86;1.73;;;-3.87;8.19;Aprobado;Marcas de Agua;Puntual;1;1;1;Puntual simple;0;0;0;1;0;0;0.0;51.13;0
739;9;13/4/2026;13/4/2026;2026-04;Green Sport;Negro;Mixta;21.6;55.0;56.32;22.02;2.5;2.56;;;1.32;0.42;Aprobado;Huecos;Puntual;1;1;1;Puntual simple;0;0;1;0;0;0;0.0;56.32;1
740;4;13/4/2026;13/4/2026;2026-04;Green Sport;True Blue;Mixta;21.1;54.0;52.0;21.48;2.51;2.42;;;-2.0;0.38;Aprobado;Huecos, Marcas de Agua;Puntual;1;2;3;Puntual combinado;0;0;1;1;0;0;0.0;52.0;1
741;10;13/4/2026;13/4/2026;2026-04;Green Sport;Negro;Mixta;21.6;55.0;55.61;21.8;2.52;2.55;;;0.61;0.2;Aprobado;Idos;Puntual;1;1;1;Puntual simple;1;0;0;0;0;0;0.0;55.61;2
742;8;13/4/2026;13/4/2026;2026-04;Green Sport;Negro;Mixta;21.6;54.0;55.96;21.54;2.51;2.6;;;1.96;-0.06;Aprobado;Ninguno;Ninguno;0;0;0;Sin defecto;0;0;0;0;0;0;0.0;55.96;0
743;7;13/4/2026;13/4/2026;2026-04;Green Sport;Negro;Mixta;21.6;55.0;54.92;21.76;2.53;2.52;;;-0.08;0.16;Aprobado;Ninguno;Ninguno;0;0;0;Sin defecto;0;0;0;0;0;0;0.0;54.92;0
744;5;13/4/2026;13/4/2026;2026-04;Green Sport;True Blue;Mixta;21.0;54.0;52.23;21.24;2.54;2.46;;;-1.77;0.24;Aprobado;Marcas de Agua;Puntual;1;1;1;Puntual simple;0;0;0;1;0;0;0.0;52.23;0
745;1;13/4/2026;13/4/2026;2026-04;Green Sport;True Blue;Mixta;20.7;53.0;50.47;21.2;2.5;2.38;;;-2.53;0.5;Aprobado;Huecos;Puntual;1;1;1;Puntual simple;0;0;1;0;0;0;0.0;50.47;1
746;6;13/4/2026;13/4/2026;2026-04;Green Sport;Negro;Mixta;20.5;52.0;51.0;20.8;2.5;2.45;;;-1.0;0.3;Aprobado;Marcas de Agua;Puntual;1;1;1;Puntual simple;0;0;0;1;0;0;0.0;51.0;0
747;3;13/4/2026;13/4/2026;2026-04;Green Sport;True Blue;Mixta;20.9;54.0;51.7;21.24;2.54;2.43;;;-2.3;0.34;Aprobado;Ninguno;Ninguno;0;0;0;Sin defecto;0;0;0;0;0;0;0.0;51.7;0
748;2;13/4/2026;13/4/2026;2026-04;Green Sport;True Blue;Mixta;20.9;54.0;51.53;21.26;2.54;2.42;;;-2.47;0.36;Aprobado;Ninguno;Ninguno;0;0;0;Sin defecto;0;0;0;0;0;0;0.0;51.53;0
749;2;13/4/2026;13/4/2026;2026-04;Green Sport;Negro;Mixta;20.7;53.0;53.89;20.98;2.53;2.57;;;0.89;0.28;Aprobado;Ninguno;Ninguno;0;0;0;Sin defecto;0;0;0;0;0;0;0.0;53.89;0
750;4;13/4/2026;13/4/2026;2026-04;Green Sport;Negro;Mixta;26.4;52.0;53.3;21.64;2.4;2.46;;;1.3;-4.76;Aprobado;Ninguno;Ninguno;0;0;0;Sin defecto;0;0;0;0;0;0;0.0;53.3;0
751;3;13/4/2026;13/4/2026;2026-04;Green Sport;Negro;Mixta;21.0;54.0;52.33;21.34;2.53;2.45;;;-1.67;0.34;Aprobado;Ninguno;Ninguno;0;0;0;Sin defecto;0;0;0;0;0;0;0.0;52.33;0
752;5;13/4/2026;13/4/2026;2026-04;Green Sport;Negro;Mixta;21.62;55.0;53.89;21.86;2.52;2.47;;;-1.11;0.24;Aprobado;Huecos;Puntual;1;1;1;Puntual simple;0;0;1;0;0;0;0.0;53.89;1
753;1;13/4/2026;13/4/2026;2026-04;Green Sport;Negro;Mixta;22.0;57.0;56.19;22.46;2.54;2.5;;;-0.81;0.46;Aprobado;Ninguno;Ninguno;0;0;0;Sin defecto;0;0;0;0;0;0;0.0;56.19;0
754;3;13/4/2026;13/4/2026;2026-04;Green Sport;Derejo;Mixta;24.4;62.0;60.0;24.6;2.52;2.44;;;-2.0;0.2;Aprobado;Manchas;Puntual;1;1;1;Puntual simple;0;1;0;0;0;0;0.0;60.0;2
755;4;13/4/2026;13/4/2026;2026-04;Green Sport;Derejo;Mixta;24.4;62.0;61.18;24.66;2.51;2.48;;;-0.82;0.26;Aprobado;Marcas de Agua;Puntual;1;1;1;Puntual simple;0;0;0;1;0;0;0.0;61.18;0
756;2;13/4/2026;13/4/2026;2026-04;Green Sport;Derejo;Mixta;24.4;62.0;59.64;24.62;2.52;2.42;;;-2.36;0.22;Aprobado;Marcas de Agua;Puntual;1;1;1;Puntual simple;0;0;0;1;0;0;0.0;59.64;0
757;1;13/4/2026;13/4/2026;2026-04;Green Sport;Derejo;Mixta;24.3;62.0;56.1;24.56;2.52;2.28;;;-5.9;0.26;Aprobado;Ninguno;Ninguno;0;0;0;Sin defecto;0;0;0;0;0;0;0.0;56.1;0
758;4;13/4/2026;13/4/2026;2026-04;Bahía;Blanco;Por Metro;0.0;50.7;49.27;18.06;2.81;2.73;;;-1.43;;Aprobado;Ninguno;Ninguno;0;0;0;Sin defecto;0;0;0;0;0;0;0.0;49.27;0
759;5;13/4/2026;13/4/2026;2026-04;Bahía;Blanco;Por Metro;0.0;50.5;46.97;16.08;3.14;2.92;;;-3.53;;Aprobado;Ninguno;Ninguno;0;0;0;Sin defecto;0;0;0;0;0;0;0.0;46.97;1
760;2;13/4/2026;13/4/2026;2026-04;Bahía;Blanco;Por Metro;0.0;59.3;59.16;22.14;2.68;2.67;;;-0.14;;Aprobado;Idos, Manchas;Frecuente;1;2;4;Crítico;1;1;0;0;0;0;0.0;59.16;4
761;3;13/4/2026;13/4/2026;2026-04;Bahía;Blanco;Por Metro;0.0;59.4;58.72;22.14;2.68;2.65;;;-0.68;;Aprobado;Manchas;Puntual;1;1;1;Puntual simple;0;1;0;0;0;0;0.0;58.72;1
762;1;13/4/2026;13/4/2026;2026-04;Bahía;Blanco;Por Metro;0.0;26.3;26.12;9.92;2.65;2.63;;;-0.18;;Aprobado;Ninguno;Ninguno;0;0;0;Sin defecto;0;0;0;0;0;0;0.0;26.12;0
763;2;13/4/2026;13/4/2026;2026-04;Bahía;Verde Militar;Por Metro;0.0;32.4;31.05;10.6;3.06;2.93;;;-1.35;;Aprobado;Marcas de Agua;Puntual;1;1;1;Puntual simple;0;0;0;1;0;0;0.0;31.05;0
764;1;13/4/2026;13/4/2026;2026-04;Bahía;Verde Militar;Por Metro;0.0;28.0;26.61;8.98;3.12;2.96;;;-1.39;;Aprobado;Marcas de Agua;Puntual;1;1;1;Puntual simple;0;0;0;1;0;0;0.0;26.61;0
765;3;13/4/2026;13/4/2026;2026-04;Bahía;Verde Militar;Por Metro;0.0;44.1;45.6;14.8;2.98;3.08;;;1.5;;Aprobado;Ninguno;Ninguno;0;0;0;Sin defecto;0;0;0;0;0;0;0.0;45.6;0
766;5;13/4/2026;13/4/2026;2026-04;Bahía;Morado;Por Metro;0.0;59.6;57.3;20.84;2.86;2.75;;;-2.3;;Aprobado;Marcas de Agua;Puntual;1;1;1;Puntual simple;0;0;0;1;0;0;0.0;57.3;0
767;6;13/4/2026;13/4/2026;2026-04;Bahía;Morado;Por Metro;0.0;60.0;57.19;21.3;2.82;2.68;;;-2.81;;Aprobado;Marcas de Agua;Puntual;1;1;1;Puntual simple;0;0;0;1;0;0;0.0;57.19;0
768;1;13/4/2026;13/4/2026;2026-04;Bahía;Azul Marino;Por Metro;0.0;50.0;48.14;15.62;3.2;3.08;;;-1.86;;Rechazado;Ninguno;Ninguno;0;0;0;Sin defecto;0;0;0;0;0;0;0.0;48.14;0
769;2;13/4/2026;13/4/2026;2026-04;Bahía;Azul Marino;Por Metro;0.0;50.0;45.52;15.36;3.26;2.96;;;-4.48;;Rechazado;Marcas de Agua;Puntual;1;1;1;Puntual simple;0;0;0;1;0;0;0.0;45.52;0
770;7;13/4/2026;13/4/2026;2026-04;Bahía;Negro;Por Metro;0.0;59.4;55.89;19.56;3.04;2.86;;;-3.51;;Aprobado;Idos, Marcas de Agua;Puntual;1;2;3;Puntual combinado;1;0;0;1;0;0;0.0;55.89;1
771;8;13/4/2026;13/4/2026;2026-04;Bahía;Negro;Por Metro;0.0;59.8;57.34;20.1;2.98;2.85;;;-2.46;;Aprobado;Idos;Puntual;1;1;1;Puntual simple;1;0;0;0;0;0;0.0;57.34;1
772;9;13/4/2026;13/4/2026;2026-04;Bahía;Negro;Por Metro;0.0;59.4;54.83;18.62;3.19;2.94;;;-4.57;;Aprobado;Ninguno;Ninguno;0;0;0;Sin defecto;0;0;0;0;0;0;0.0;54.83;0
773;10;13/4/2026;13/4/2026;2026-04;Bahía;Negro;Por Metro;0.0;49.4;54.97;19.38;2.55;2.84;;;5.57;;Aprobado;Marcas de Agua;Puntual;1;1;1;Puntual simple;0;0;0;1;0;0;0.0;54.97;0
774;4;13/4/2026;13/4/2026;2026-04;Bahía;Negro;Por Metro;0.0;59.5;58.15;20.98;2.84;2.77;;;-1.35;;Aprobado;Ninguno;Ninguno;0;0;0;Sin defecto;0;0;0;0;0;0;0.0;58.15;0
775;1;13/4/2026;13/4/2026;2026-04;Bahía;Negro;Por Metro;0.0;64.9;60.0;20.58;3.15;2.92;;;-4.9;;Aprobado;Idos, Huecos, Marcas de Agua;Frecuente;1;3;4;Crítico;1;0;1;1;0;0;0.0;60.0;3
776;5;13/4/2026;13/4/2026;2026-04;Bahía;Negro;Por Metro;0.0;59.4;55.99;20.98;2.83;2.67;;;-3.41;;Aprobado;Marcas de Agua;Puntual;1;1;1;Puntual simple;0;0;0;1;0;0;0.0;55.99;0
777;2;13/4/2026;13/4/2026;2026-04;Bahía;Negro;Por Metro;0.0;72.1;67.71;24.4;2.95;2.78;;;-4.39;;Aprobado;Idos, Huecos, Marcas de Agua;Frecuente;1;3;4;Crítico;1;0;1;1;0;0;0.0;67.71;5
778;3;13/4/2026;13/4/2026;2026-04;Bahía;Negro;Por Metro;0.0;59.6;56.16;19.48;3.06;2.88;;;-3.44;;Aprobado;Marcas de Agua;Puntual;1;1;1;Puntual simple;0;0;0;1;0;0;0.0;56.16;0
779;6;13/4/2026;13/4/2026;2026-04;Bahía;Negro;Por Metro;0.0;48.4;45.68;16.38;2.95;2.79;;;-2.72;;Aprobado;Idos;Puntual;1;1;1;Puntual simple;1;0;0;0;0;0;0.0;45.68;2
780;3;13/4/2026;13/4/2026;2026-04;Bahía;Morado;Por Metro;0.0;50.0;47.75;17.88;2.8;2.67;;;-2.25;;Aprobado;Idos, Marcas de Agua;Frecuente;1;2;4;Crítico;1;0;0;1;0;0;0.0;47.75;5
781;4;13/4/2026;13/4/2026;2026-04;Bahía;Morado;Por Metro;0.0;56.5;53.67;19.98;2.83;2.69;;;-2.83;;Aprobado;Marcas de Agua;Puntual;1;1;1;Puntual simple;0;0;0;1;0;0;0.0;53.67;0
782;1;13/4/2026;13/4/2026;2026-04;Bahía;Morado;Por Metro;0.0;41.2;38.32;14.54;2.83;2.64;;;-2.88;;Aprobado;Marcas de Agua;Puntual;1;1;1;Puntual simple;0;0;0;1;0;0;0.0;38.32;0
783;2;13/4/2026;13/4/2026;2026-04;Bahía;Morado;Por Metro;0.0;34.7;31.94;12.26;2.83;2.61;;;-2.76;;Aprobado;Ninguno;Ninguno;0;0;0;Sin defecto;0;0;0;0;0;0;0.0;31.94;0
784;10;23/4/2026;23/4/2026;2026-04;Green Sport;Negro;Mixta;21.3;55.0;55.45;21.56;2.55;2.57;;;0.45;0.26;Aprobado;Idos;Frecuente;1;1;2;Frecuente;1;0;0;0;0;0;0.0;55.45;4
785;11;23/4/2026;23/4/2026;2026-04;Green Sport;Negro;Mixta;20.9;54.0;54.33;21.2;2.55;2.56;;;0.33;0.3;Aprobado;Idos;Frecuente;1;1;2;Frecuente;1;0;0;0;0;0;0.0;54.33;3
786;12;23/4/2026;23/4/2026;2026-04;Green Sport;Negro;Mixta;19.3;49.0;49.95;19.56;2.51;2.55;;;0.95;0.26;Aprobado;Idos;Puntual;1;1;1;Puntual simple;1;0;0;0;0;0;0.0;49.95;1
787;13;23/4/2026;23/4/2026;2026-04;Green Sport;Negro;Mixta;21.1;54.0;54.73;21.36;2.53;2.56;;;0.73;0.26;Aprobado;Idos;Puntual;1;1;1;Puntual simple;1;0;0;0;0;0;0.0;54.73;1
788;8;23/4/2026;23/4/2026;2026-04;Green Sport;Negro;Mixta;20.0;51.0;52.34;20.26;2.52;2.58;;;1.34;0.26;Aprobado;Marcas de Agua;Puntual;1;1;1;Puntual simple;0;0;0;1;0;0;0.0;52.34;0
789;7;23/4/2026;23/4/2026;2026-04;Green Sport;Negro;Mixta;21.3;55.0;55.01;21.54;2.55;2.55;;;0.01;0.24;Aprobado;Ninguno;Ninguno;0;0;0;Sin defecto;0;0;0;0;0;0;0.0;55.01;0
790;9;23/4/2026;23/4/2026;2026-04;Green Sport;Negro;Mixta;20.9;54.0;53.96;21.18;2.55;2.55;;;-0.04;0.28;Aprobado;Ninguno;Ninguno;0;0;0;Sin defecto;0;0;0;0;0;0;0.0;53.96;0
791;6;23/4/2026;23/4/2026;2026-04;Green Sport;Negro;Mixta;21.7;56.0;55.33;22.0;2.55;2.52;;;-0.67;0.3;Aprobado;Ninguno;Ninguno;0;0;0;Sin defecto;0;0;0;0;0;0;0.0;55.33;0
792;2;23/4/2026;23/4/2026;2026-04;Green Sport;Negro;Mixta;21.7;56.0;56.2;21.96;2.55;2.56;;;0.2;0.26;Aprobado;Ninguno;Ninguno;0;0;0;Sin defecto;0;0;0;0;0;0;0.0;56.2;0
793;1;23/4/2026;23/4/2026;2026-04;Green Sport;Negro;Mixta;21.5;55.0;55.18;21.76;2.53;2.54;;;0.18;0.26;Aprobado;Marcas de Agua;Puntual;1;1;1;Puntual simple;0;0;0;1;0;0;0.0;55.18;0
794;5;23/4/2026;23/4/2026;2026-04;Green Sport;Negro;Mixta;21.5;55.0;55.17;21.58;2.55;2.56;;;0.17;0.08;Aprobado;Ninguno;Ninguno;0;0;0;Sin defecto;0;0;0;0;0;0;0.0;55.17;0
795;4;23/4/2026;23/4/2026;2026-04;Green Sport;Negro;Sin referencia;0.0;0.0;70.5;27.56;0.0;2.56;;;;;Aprobado;Marcas de Agua;Puntual;1;1;1;Puntual simple;0;0;0;1;0;0;0.0;70.5;0
796;3;23/4/2026;23/4/2026;2026-04;Green Sport;Negro;Por Kg;21.5;0.0;50.82;19.98;2.36;2.54;0.18;7.63;;-1.52;Aprobado;Ninguno;Ninguno;0;0;0;Sin defecto;0;0;0;0;0;0;0.0;50.82;0
797;4;11/5/2026;11/5/2026;2026-05;Bahamas;Blanco;Por Kg;18.52;0.0;58.42;18.56;3.15;3.15;0.0;0.0;;0.04;Aprobado;Idos, Manchas;Frecuente;1;2;4;Crítico;1;1;0;0;0;0;0.0;58.42;5
798;1;11/5/2026;11/5/2026;2026-05;Bahamas;Blanco;Por Kg;18.15;0.0;57.38;18.34;3.16;3.13;-0.03;-0.95;;0.19;Aprobado;Idos, Manchas;Puntual;1;2;3;Puntual combinado;1;1;0;0;0;0;0.0;57.38;2
799;3;11/5/2026;11/5/2026;2026-05;Bahamas;Blanco;Por Kg;18.05;0.0;58.02;18.3;3.21;3.17;-0.04;-1.25;;0.25;Aprobado;Idos, Huecos;Puntual;1;2;3;Puntual combinado;1;0;1;0;0;0;0.0;58.02;2
800;2;11/5/2026;11/5/2026;2026-05;Bahamas;Blanco;Por Kg;17.85;0.0;55.84;18.14;3.13;3.08;-0.05;-1.6;;0.29;Aprobado;Idos, Manchas;Frecuente;1;2;4;Crítico;1;1;0;0;0;0;0.0;55.84;8
801;3;12/5/2026;12/5/2026;2026-05;Jabón;Lavanda;Por Kg;30.0;0.0;96.93;28.6;3.23;3.39;0.16;4.95;;-1.4;Aprobado con Desviación;Idos, Manchas, Empates, Marcas de Agua;Frecuente;1;4;4;Crítico;1;1;0;1;0;1;0.0;96.93;13
802;1;12/5/2026;12/5/2026;2026-05;Jabón;Purpura;Por Kg;31.0;0.0;99.2;31.28;3.2;3.17;-0.03;-0.94;;0.28;Aprobado con Desviación;Idos, Manchas;Frecuente;1;2;4;Crítico;1;1;0;0;0;0;0.0;99.2;9
803;1;12/5/2026;12/5/2026;2026-05;Jabón;Rosado Pastel;Por Kg;31.3;0.0;102.64;31.4;3.28;3.27;-0.01;-0.3;;0.1;Aprobado con Desviación;Idos, Manchas;Frecuente;1;2;4;Crítico;1;1;0;0;0;0;0.0;102.64;4
804;2;12/5/2026;12/5/2026;2026-05;Jabón;Rosado Pastel;Por Kg;29.3;0.0;97.96;29.84;3.34;3.28;-0.06;-1.8;;0.54;Aprobado con Desviación;Idos;Frecuente;1;1;2;Frecuente;1;0;0;0;0;0;0.0;97.96;5
805;2;12/5/2026;12/5/2026;2026-05;Jabón;Aguamarine;Por Kg;29.2;0.0;103.52;29.6;3.55;3.5;-0.05;-1.41;;0.4;Aprobado;Idos;Frecuente;1;1;2;Frecuente;1;0;0;0;0;0;0.0;103.52;3
806;2;12/5/2026;12/5/2026;2026-05;Jabón;Lavanda;Por Kg;25.0;0.0;81.5;24.6;3.26;3.31;0.05;1.53;;-0.4;Aprobado con Desviación;Idos;Frecuente;1;1;2;Frecuente;1;0;0;0;0;0;0.0;81.5;3
807;3;12/5/2026;12/5/2026;2026-05;Jabón;Aguamarine;Por Kg;30.0;0.0;102.61;29.22;3.42;3.51;0.09;2.63;;-0.78;Aprobado con Desviación;Idos;Puntual;1;1;1;Puntual simple;1;0;0;0;0;0;0.0;102.61;2
808;1;12/5/2026;12/5/2026;2026-05;Jabón;Aguamarine;Por Kg;29.4;0.0;101.48;29.88;3.45;3.4;-0.05;-1.45;;0.48;Aprobado;Idos;Puntual;1;1;1;Puntual simple;1;0;0;0;0;0;0.0;101.48;0
809;2;12/5/2026;12/5/2026;2026-05;Jabón;Azul Marino;Por Kg;29.5;0.0;97.19;30.06;3.29;3.23;-0.06;-1.82;;0.56;Aprobado;Idos;Frecuente;1;1;2;Frecuente;1;0;0;0;0;0;0.0;97.19;3
810;1;12/5/2026;12/5/2026;2026-05;Jabón;Lavanda;Por Kg;30.0;0.0;100.13;29.38;3.34;3.41;0.07;2.1;;-0.62;Aprobado con Desviación;Idos;Frecuente;1;1;2;Frecuente;1;0;0;0;0;0;0.0;100.13;9
811;4;12/5/2026;12/5/2026;2026-05;Jabón;Azul Rey;Por Kg;30.0;0.0;102.05;31.28;3.4;3.26;-0.14;-4.12;;1.28;Aprobado;Idos;Frecuente;1;1;2;Frecuente;1;0;0;0;0;0;0.0;102.05;3
812;3;12/5/2026;12/5/2026;2026-05;Jabón;Azul Rey;Por Kg;23.8;0.0;81.29;24.58;3.42;3.31;-0.11;-3.22;;0.78;Aprobado;Idos;Frecuente;1;1;2;Frecuente;1;0;0;0;0;0;0.0;81.29;4
813;1;12/5/2026;12/5/2026;2026-05;Jabón;Azul Rey;Por Kg;29.3;0.0;95.78;29.72;3.27;3.22;-0.05;-1.53;;0.42;Aprobado;Ninguno;Ninguno;0;0;0;Sin defecto;0;0;0;0;0;0;0.0;95.78;0
814;2;12/5/2026;12/5/2026;2026-05;Jabón;Azul Rey;Por Kg;29.6;0.0;97.33;31.12;3.29;3.13;-0.16;-4.86;;1.52;Aprobado;Idos, Manchas;Puntual;1;2;3;Puntual combinado;1;1;0;0;0;0;0.0;97.33;2
815;1;12/5/2026;12/5/2026;2026-05;Jabón;Azul Marino;Por Kg;28.9;0.0;96.17;29.36;3.33;3.28;-0.05;-1.5;;0.46;Aprobado;Idos;Frecuente;1;1;2;Frecuente;1;0;0;0;0;0;0.0;96.17;6
816;1;12/5/2026;12/5/2026;2026-05;Bahamas;Blanco;Por Kg;16.75;0.0;55.42;17.02;3.31;3.26;-0.05;-1.51;;0.27;Aprobado;Manchas, Sucio;Frecuente;1;2;4;Crítico;0;1;0;0;1;0;0.0;55.42;9
817;2;12/5/2026;12/5/2026;2026-05;Bahamas;Blanco;Por Kg;18.1;0.0;56.2;18.3;3.1;3.07;-0.03;-0.97;;0.2;Aprobado;Idos, Manchas;Frecuente;1;2;4;Crítico;1;1;0;0;0;0;0.0;56.2;10
818;3;12/5/2026;12/5/2026;2026-05;Bahamas;Blanco;Por Kg;18.25;0.0;57.02;18.48;5.56;3.09;-2.47;-44.42;;0.23;Aprobado;Ninguno;Ninguno;0;0;0;Sin defecto;0;0;0;0;0;0;0.0;57.02;0
819;4;12/5/2026;12/5/2026;2026-05;Bahamas;Blanco;Por Kg;6.0;0.0;18.3;6.04;3.05;3.03;-0.02;-0.66;;0.04;Aprobado;Manchas;Puntual;1;1;1;Puntual simple;0;1;0;0;0;0;0.0;18.3;1
820;1;12/5/2026;12/5/2026;2026-05;Bahamas;Negro;Por Kg;18.25;0.0;59.5;18.6;3.26;3.2;-0.06;-1.84;;0.35;Aprobado;Ninguno;Ninguno;0;0;0;Sin defecto;0;0;0;0;0;0;0.0;59.5;0
821;2;12/5/2026;12/5/2026;2026-05;Bahamas;Negro;Por Kg;18.56;0.0;59.49;18.92;3.21;3.14;-0.07;-2.18;;0.36;Aprobado;Ninguno;Ninguno;0;0;0;Sin defecto;0;0;0;0;0;0;0.0;59.49;0
822;3;12/5/2026;12/5/2026;2026-05;Bahamas;Negro;Por Kg;18.7;0.0;59.76;19.08;3.2;3.13;-0.07;-2.19;;0.38;Aprobado;Ninguno;Ninguno;0;0;0;Sin defecto;0;0;0;0;0;0;0.0;59.76;0
823;4;12/5/2026;12/5/2026;2026-05;Bahamas;Negro;Por Kg;18.12;0.0;58.64;18.44;3.24;3.18;-0.06;-1.85;;0.32;Aprobado;Ninguno;Ninguno;0;0;0;Sin defecto;0;0;0;0;0;0;0.0;58.64;0
824;5;12/5/2026;12/5/2026;2026-05;Bahamas;Negro;Por Kg;6.25;0.0;20.09;6.36;3.21;3.16;-0.05;-1.56;;0.11;Aprobado;Ninguno;Ninguno;0;0;0;Sin defecto;0;0;0;0;0;0;0.0;20.09;0
825;1;20/5/2026;20/5/2026;2026-05;Texflex;Negro;Por Kg;15.26;0.0;47.32;15.7;3.1;3.1;0.0;0.0;;0.44;Aprobado;Marcas de Agua;Puntual;1;1;1;Puntual simple;0;0;0;1;0;0;0.0;47.32;0
826;2;20/5/2026;20/5/2026;2026-05;Texflex;Negro;Por Kg;15.42;0.0;47.77;15.84;3.1;3.11;0.01;0.32;;0.42;Aprobado;Ninguno;Ninguno;0;0;0;Sin defecto;0;0;0;0;0;0;0.0;47.77;0
827;3;20/5/2026;20/5/2026;2026-05;Texflex;Negro;Por Kg;14.72;0.0;45.26;15.14;3.07;3.07;0.0;0.0;;0.42;Aprobado;Marcas de Agua;Puntual;1;1;1;Puntual simple;0;0;0;1;0;0;0.0;45.26;0
828;4;20/5/2026;20/5/2026;2026-05;Texflex;Negro;Por Kg;15.0;0.0;45.91;15.42;3.06;3.07;0.01;0.33;;0.42;Aprobado;Marcas de Agua;Puntual;1;1;1;Puntual simple;0;0;0;1;0;0;0.0;45.91;0
